{"foreground_weight": 10.0, "min_object_size": 1368.0, "mean_object_size": 11369.107784431138, "max_object_size": 34876.0, "avg_object_size_z": null, "avg_object_size_y": 260.69660678642714, "avg_object_size_x": 241.32934131736528, "stdev_object_size_z": null, "stdev_object_size_y": 135.52209889860512, "stdev_object_size_x": 137.40213471455613, "n_z": null, "n_y": 1328.0, "n_x": 1328.0, "one_hot": true, "avg_background_intensity": 194.92561069726634, "project_name": "Tavernarakis Lab", "data_type": "16-bit"}