{"foreground_weight": 10.0, "min_object_size": 244.0, "mean_object_size": 10493.690982776088, "max_object_size": 34876.0, "avg_object_size_z": null, "avg_object_size_y": 243.08308004052685, "avg_object_size_x": 241.8115501519757, "stdev_object_size_z": null, "stdev_object_size_y": 139.82215215214876, "stdev_object_size_x": 141.32560631152242, "n_z": null, "n_y": 1328.0, "n_x": 1328.0, "one_hot": true, "avg_background_intensity": 147.69835173148942, "project_name": "Tavernarakis", "data_type": "16-bit"}